{"stats":{"minecraft:custom":{"minecraft:jump":42,"minecraft:time_since_rest":15661,"minecraft:walk_on_water_one_cm":7437,"minecraft:damage_taken":20,"minecraft:leave_game":9,"minecraft:sprint_one_cm":1679,"minecraft:play_time":15661,"minecraft:time_since_death":15661,"minecraft:walk_one_cm":3330,"minecraft:walk_under_water_one_cm":5627,"minecraft:total_world_time":15661,"minecraft:climb_one_cm":2107,"minecraft:drop":1,"minecraft:fall_one_cm":824,"minecraft:fly_one_cm":59484,"minecraft:aviate_one_cm":265338},"minecraft:mined":{"minecraft:jungle_leaves":1},"minecraft:used":{"minecraft:elytra":1,"minecraft:firework_rocket":17},"minecraft:dropped":{"minecraft:elytra":1}},"DataVersion":3700}